"User-controlled bypass of sensitive method","User-controlled bypassing of sensitive methods may allow attackers to avoid passing through authentication systems.","error","This condition guards a sensitive [[""action""|""relative:///ServerEye.API/Controllers/Auth/AuthController.cs:646:28:646:107""]], but a [[""user-provided value""|""relative:///ServerEye.API/Controllers/Auth/AuthController.cs:536:181:536:193""]] controls it.
This condition guards a sensitive [[""action""|""relative:///ServerEye.API/Controllers/Auth/AuthController.cs:661:28:661:108""]], but a [[""user-provided value""|""relative:///ServerEye.API/Controllers/Auth/AuthController.cs:536:181:536:193""]] controls it.
This condition guards a sensitive [[""action""|""relative:///ServerEye.API/Controllers/Auth/AuthController.cs:675:46:675:139""]], but a [[""user-provided value""|""relative:///ServerEye.API/Controllers/Auth/AuthController.cs:536:181:536:193""]] controls it.
This condition guards a sensitive [[""action""|""relative:///ServerEye.API/Controllers/Auth/AuthController.cs:646:28:646:107""]], but a [[""user-provided value""|""relative:///ServerEye.API/Controllers/Auth/AuthController.cs:536:181:536:193""]] controls it.","/ServerEye.API/Controllers/Auth/AuthController.cs","640","17","640","62"
"User-controlled bypass of sensitive method","User-controlled bypassing of sensitive methods may allow attackers to avoid passing through authentication systems.","error","This condition guards a sensitive [[""action""|""relative:///ServerEye.API/Controllers/Auth/AuthController.cs:646:28:646:107""]], but a [[""user-provided value""|""relative:///ServerEye.API/Controllers/Auth/AuthController.cs:536:181:536:193""]] controls it.
This condition guards a sensitive [[""action""|""relative:///ServerEye.API/Controllers/Auth/AuthController.cs:661:28:661:108""]], but a [[""user-provided value""|""relative:///ServerEye.API/Controllers/Auth/AuthController.cs:536:181:536:193""]] controls it.
This condition guards a sensitive [[""action""|""relative:///ServerEye.API/Controllers/Auth/AuthController.cs:675:46:675:139""]], but a [[""user-provided value""|""relative:///ServerEye.API/Controllers/Auth/AuthController.cs:536:181:536:193""]] controls it.","/ServerEye.API/Controllers/Auth/AuthController.cs","640","17","640","29"
"Log entries created from user input","Building log entries from user-controlled sources is vulnerable to insertion of forged log entries by a malicious user.","error","This log entry depends on a [[""user-provided value""|""relative:///ServerEye.API/Controllers/User/UsersController.cs:107:83:107:89""]].","/ServerEye.API/Controllers/User/UsersController.cs","121","76","121","112"
"Log entries created from user input","Building log entries from user-controlled sources is vulnerable to insertion of forged log entries by a malicious user.","error","This log entry depends on a [[""user-provided value""|""relative:///ServerEye.API/Controllers/Auth/AuthController.cs:418:157:418:162""]].","/ServerEye.API/Controllers/Auth/AuthController.cs","442","17","442","32"
"Log entries created from user input","Building log entries from user-controlled sources is vulnerable to insertion of forged log entries by a malicious user.","error","This log entry depends on a [[""user-provided value""|""relative:///ServerEye.API/Controllers/Auth/AuthController.cs:505:103:505:109""]].","/ServerEye.API/Controllers/Auth/AuthController.cs","530","98","530","113"
"Log entries created from user input","Building log entries from user-controlled sources is vulnerable to insertion of forged log entries by a malicious user.","error","This log entry depends on a [[""user-provided value""|""relative:///ServerEye.API/Controllers/Auth/AuthController.cs:536:154:536:161""]].","/ServerEye.API/Controllers/Auth/AuthController.cs","768","98","768","105"
"Log entries created from user input","Building log entries from user-controlled sources is vulnerable to insertion of forged log entries by a malicious user.","error","This log entry depends on a [[""user-provided value""|""relative:///ServerEye.API/Controllers/Auth/AuthController.cs:536:75:536:78""]].
This log entry depends on a [[""user-provided value""|""relative:///ServerEye.API/Controllers/Auth/AuthController.cs:536:128:536:131""]].","/ServerEye.API/Controllers/Auth/AuthController.cs","561","17","561","48"
"Log entries created from user input","Building log entries from user-controlled sources is vulnerable to insertion of forged log entries by a malicious user.","error","This log entry depends on a [[""user-provided value""|""relative:///ServerEye.API/Controllers/Auth/AuthController.cs:536:128:536:131""]].","/ServerEye.API/Controllers/Auth/AuthController.cs","562","17","562","48"
"Log entries created from user input","Building log entries from user-controlled sources is vulnerable to insertion of forged log entries by a malicious user.","error","This log entry depends on a [[""user-provided value""|""relative:///ServerEye.API/Controllers/Auth/AuthController.cs:536:101:536:105""]].","/ServerEye.API/Controllers/Auth/AuthController.cs","563","17","563","54"
"Log entries created from user input","Building log entries from user-controlled sources is vulnerable to insertion of forged log entries by a malicious user.","error","This log entry depends on a [[""user-provided value""|""relative:///ServerEye.API/Controllers/Auth/AuthController.cs:536:259:536:264""]].","/ServerEye.API/Controllers/Auth/AuthController.cs","564","17","564","55"
"Log entries created from user input","Building log entries from user-controlled sources is vulnerable to insertion of forged log entries by a malicious user.","error","This log entry depends on a [[""user-provided value""|""relative:///ServerEye.API/Controllers/Auth/AuthController.cs:536:101:536:105""]].","/ServerEye.API/Controllers/Auth/AuthController.cs","566","17","566","64"
"Log entries created from user input","Building log entries from user-controlled sources is vulnerable to insertion of forged log entries by a malicious user.","error","This log entry depends on a [[""user-provided value""|""relative:///ServerEye.API/Controllers/Auth/AuthController.cs:536:101:536:105""]].","/ServerEye.API/Controllers/Auth/AuthController.cs","567","17","567","56"
"Log entries created from user input","Building log entries from user-controlled sources is vulnerable to insertion of forged log entries by a malicious user.","error","This log entry depends on a [[""user-provided value""|""relative:///ServerEye.API/Controllers/Auth/AuthController.cs:536:75:536:78""]].
This log entry depends on a [[""user-provided value""|""relative:///ServerEye.API/Controllers/Auth/AuthController.cs:536:128:536:131""]].","/ServerEye.API/Controllers/Auth/AuthController.cs","572","131","572","162"
"Log entries created from user input","Building log entries from user-controlled sources is vulnerable to insertion of forged log entries by a malicious user.","error","This log entry depends on a [[""user-provided value""|""relative:///ServerEye.API/Controllers/Auth/AuthController.cs:536:128:536:131""]].","/ServerEye.API/Controllers/Auth/AuthController.cs","572","165","572","196"
"Log entries created from user input","Building log entries from user-controlled sources is vulnerable to insertion of forged log entries by a malicious user.","error","This log entry depends on a [[""user-provided value""|""relative:///ServerEye.API/Controllers/Auth/AuthController.cs:536:101:536:105""]].","/ServerEye.API/Controllers/Auth/AuthController.cs","572","199","572","236"
"Log entries created from user input","Building log entries from user-controlled sources is vulnerable to insertion of forged log entries by a malicious user.","error","This log entry depends on a [[""user-provided value""|""relative:///ServerEye.API/Controllers/Auth/AuthController.cs:536:101:536:105""]].","/ServerEye.API/Controllers/Auth/AuthController.cs","585","124","585","138"
"Log entries created from user input","Building log entries from user-controlled sources is vulnerable to insertion of forged log entries by a malicious user.","error","This log entry depends on a [[""user-provided value""|""relative:///ServerEye.API/Controllers/Auth/AuthController.cs:536:101:536:105""]].","/ServerEye.API/Controllers/Auth/AuthController.cs","585","141","585","153"
"Log entries created from user input","Building log entries from user-controlled sources is vulnerable to insertion of forged log entries by a malicious user.","error","This log entry depends on a [[""user-provided value""|""relative:///ServerEye.API/Controllers/Auth/AuthController.cs:536:101:536:105""]].","/ServerEye.API/Controllers/Auth/AuthController.cs","623","90","623","102"
"Log entries created from user input","Building log entries from user-controlled sources is vulnerable to insertion of forged log entries by a malicious user.","error","This log entry depends on a [[""user-provided value""|""relative:///ServerEye.API/Controllers/Auth/AuthController.cs:870:97:870:103""]].","/ServerEye.API/Controllers/Auth/AuthController.cs","900","17","900","32"
"Log entries created from user input","Building log entries from user-controlled sources is vulnerable to insertion of forged log entries by a malicious user.","error","This log entry depends on a [[""user-provided value""|""relative:///ServerEye.API/Controllers/Auth/AuthController.cs:870:97:870:103""]].","/ServerEye.API/Controllers/Auth/AuthController.cs","902","17","902","40"
"Log entries created from user input","Building log entries from user-controlled sources is vulnerable to insertion of forged log entries by a malicious user.","error","This log entry depends on a [[""user-provided value""|""relative:///ServerEye.API/Controllers/Ticket/TicketsController.cs:102:81:102:92""]].","/ServerEye.API/Controllers/Ticket/TicketsController.cs","116","77","116","88"
"Log entries created from user input","Building log entries from user-controlled sources is vulnerable to insertion of forged log entries by a malicious user.","error","This log entry depends on a [[""user-provided value""|""relative:///ServerEye.API/Controllers/Ticket/TicketsController.cs:143:87:143:91""]].","/ServerEye.API/Controllers/Ticket/TicketsController.cs","152","81","152","109"
"Log entries created from user input","Building log entries from user-controlled sources is vulnerable to insertion of forged log entries by a malicious user.","error","This log entry depends on a [[""user-provided value""|""relative:///ServerEye.API/Controllers/User/UsersController.cs:59:92:59:106""]].","/ServerEye.API/Controllers/User/UsersController.cs","66","13","66","36"
"Log entries created from user input","Building log entries from user-controlled sources is vulnerable to insertion of forged log entries by a malicious user.","error","This log entry depends on a [[""user-provided value""|""relative:///ServerEye.API/Controllers/User/UsersController.cs:59:92:59:106""]].","/ServerEye.API/Controllers/User/UsersController.cs","67","13","67","33"
"Log entries created from user input","Building log entries from user-controlled sources is vulnerable to insertion of forged log entries by a malicious user.","error","This log entry depends on a [[""user-provided value""|""relative:///ServerEye.API/Controllers/User/UsersController.cs:59:92:59:106""]].","/ServerEye.API/Controllers/User/UsersController.cs","77","101","77","145"
"Log entries created from user input","Building log entries from user-controlled sources is vulnerable to insertion of forged log entries by a malicious user.","error","This log entry depends on a [[""user-provided value""|""relative:///ServerEye.API/Controllers/User/UsersController.cs:59:92:59:106""]].","/ServerEye.API/Controllers/User/UsersController.cs","77","148","77","194"
"Log entries created from user input","Building log entries from user-controlled sources is vulnerable to insertion of forged log entries by a malicious user.","error","This log entry depends on a [[""user-provided value""|""relative:///ServerEye.API/Controllers/User/UsersController.cs:59:92:59:106""]].","/ServerEye.API/Controllers/User/UsersController.cs","81","81","81","125"
"Log entries created from user input","Building log entries from user-controlled sources is vulnerable to insertion of forged log entries by a malicious user.","error","This log entry depends on a [[""user-provided value""|""relative:///ServerEye.API/Controllers/User/UsersController.cs:88:88:88:99""]].","/ServerEye.API/Controllers/User/UsersController.cs","98","72","98","113"
"Log entries created from user input","Building log entries from user-controlled sources is vulnerable to insertion of forged log entries by a malicious user.","error","This log entry depends on a [[""user-provided value""|""relative:///ServerEye.API/Controllers/User/UsersController.cs:88:88:88:99""]].","/ServerEye.API/Controllers/User/UsersController.cs","102","74","102","115"
"Log entries created from user input","Building log entries from user-controlled sources is vulnerable to insertion of forged log entries by a malicious user.","error","This log entry depends on a [[""user-provided value""|""relative:///ServerEye.API/Controllers/Auth/AuthController.cs:272:81:272:87""]].","/ServerEye.Core/Services/Auth/AuthService.cs","107","83","107","111"
"Log entries created from user input","Building log entries from user-controlled sources is vulnerable to insertion of forged log entries by a malicious user.","error","This log entry depends on a [[""user-provided value""|""relative:///ServerEye.API/Controllers/Auth/AuthController.cs:272:81:272:87""]].","/ServerEye.Core/Services/Auth/AuthService.cs","112","96","112","124"
"Log entries created from user input","Building log entries from user-controlled sources is vulnerable to insertion of forged log entries by a malicious user.","error","This log entry depends on a [[""user-provided value""|""relative:///ServerEye.API/Controllers/Auth/AuthController.cs:309:75:309:81""]].","/ServerEye.Core/Services/Auth/AuthService.cs","174","112","174","143"
"Log entries created from user input","Building log entries from user-controlled sources is vulnerable to insertion of forged log entries by a malicious user.","error","This log entry depends on a [[""user-provided value""|""relative:///ServerEye.API/Controllers/Auth/AuthController.cs:309:75:309:81""]].","/ServerEye.Core/Services/Auth/AuthService.cs","181","91","181","122"
"Log entries created from user input","Building log entries from user-controlled sources is vulnerable to insertion of forged log entries by a malicious user.","error","This log entry depends on a [[""user-provided value""|""relative:///ServerEye.API/Controllers/Auth/AuthController.cs:309:75:309:81""]].","/ServerEye.Core/Services/Auth/AuthService.cs","207","85","207","116"
"Log entries created from user input","Building log entries from user-controlled sources is vulnerable to insertion of forged log entries by a malicious user.","error","This log entry depends on a [[""user-provided value""|""relative:///ServerEye.API/Controllers/Auth/AuthController.cs:505:103:505:109""]].
This log entry depends on a [[""user-provided value""|""relative:///ServerEye.API/Controllers/Auth/AuthController.cs:536:101:536:105""]].","/ServerEye.Core/Services/Auth/OAuthService.cs","159","157","159","192"
"Log entries created from user input","Building log entries from user-controlled sources is vulnerable to insertion of forged log entries by a malicious user.","error","This log entry depends on a [[""user-provided value""|""relative:///ServerEye.API/Controllers/Auth/AuthController.cs:505:103:505:109""]].
This log entry depends on a [[""user-provided value""|""relative:///ServerEye.API/Controllers/Auth/AuthController.cs:536:101:536:105""]].","/ServerEye.Core/Services/Auth/OAuthService.cs","159","195","159","223"
"Log entries created from user input","Building log entries from user-controlled sources is vulnerable to insertion of forged log entries by a malicious user.","error","This log entry depends on a [[""user-provided value""|""relative:///ServerEye.API/Controllers/Auth/AuthController.cs:505:103:505:109""]].
This log entry depends on a [[""user-provided value""|""relative:///ServerEye.API/Controllers/Auth/AuthController.cs:536:101:536:105""]].","/ServerEye.Core/Services/Auth/OAuthService.cs","159","226","159","261"
"Log entries created from user input","Building log entries from user-controlled sources is vulnerable to insertion of forged log entries by a malicious user.","error","This log entry depends on a [[""user-provided value""|""relative:///ServerEye.API/Controllers/Auth/AuthController.cs:505:103:505:109""]].
This log entry depends on a [[""user-provided value""|""relative:///ServerEye.API/Controllers/Auth/AuthController.cs:536:101:536:105""]].","/ServerEye.Core/Services/Auth/OAuthService.cs","166","133","166","161"
"Log entries created from user input","Building log entries from user-controlled sources is vulnerable to insertion of forged log entries by a malicious user.","error","This log entry depends on a [[""user-provided value""|""relative:///ServerEye.API/Controllers/Auth/AuthController.cs:505:103:505:109""]].
This log entry depends on a [[""user-provided value""|""relative:///ServerEye.API/Controllers/Auth/AuthController.cs:536:101:536:105""]].","/ServerEye.Core/Services/Auth/OAuthService.cs","166","164","166","199"
"Log entries created from user input","Building log entries from user-controlled sources is vulnerable to insertion of forged log entries by a malicious user.","error","This log entry depends on a [[""user-provided value""|""relative:///ServerEye.API/Controllers/Auth/AuthController.cs:505:103:505:109""]].
This log entry depends on a [[""user-provided value""|""relative:///ServerEye.API/Controllers/Auth/AuthController.cs:536:101:536:105""]].
This log entry depends on a [[""user-provided value""|""relative:///ServerEye.API/Controllers/Auth/AuthController.cs:536:259:536:264""]].
This log entry depends on a [[""user-provided value""|""relative:///ServerEye.API/Controllers/Auth/AuthController.cs:870:97:870:103""]].","/ServerEye.Core/Services/Auth/OAuthService.cs","170","159","170","197"
"Log entries created from user input","Building log entries from user-controlled sources is vulnerable to insertion of forged log entries by a malicious user.","error","This log entry depends on a [[""user-provided value""|""relative:///ServerEye.API/Controllers/Auth/AuthController.cs:505:103:505:109""]].
This log entry depends on a [[""user-provided value""|""relative:///ServerEye.API/Controllers/Auth/AuthController.cs:536:101:536:105""]].","/ServerEye.Core/Services/Auth/OAuthService.cs","170","200","170","235"
"Log entries created from user input","Building log entries from user-controlled sources is vulnerable to insertion of forged log entries by a malicious user.","error","This log entry depends on a [[""user-provided value""|""relative:///ServerEye.API/Controllers/Auth/AuthController.cs:505:103:505:109""]].
This log entry depends on a [[""user-provided value""|""relative:///ServerEye.API/Controllers/Auth/AuthController.cs:536:101:536:105""]].","/ServerEye.Core/Services/Auth/OAuthService.cs","170","238","170","273"
"Log entries created from user input","Building log entries from user-controlled sources is vulnerable to insertion of forged log entries by a malicious user.","error","This log entry depends on a [[""user-provided value""|""relative:///ServerEye.API/Controllers/Auth/AuthController.cs:505:103:505:109""]].
This log entry depends on a [[""user-provided value""|""relative:///ServerEye.API/Controllers/Auth/AuthController.cs:536:101:536:105""]].","/ServerEye.Core/Services/Auth/OAuthService.cs","184","88","184","123"
"Log entries created from user input","Building log entries from user-controlled sources is vulnerable to insertion of forged log entries by a malicious user.","error","This log entry depends on a [[""user-provided value""|""relative:///ServerEye.API/Controllers/Auth/AuthController.cs:505:103:505:109""]].
This log entry depends on a [[""user-provided value""|""relative:///ServerEye.API/Controllers/Auth/AuthController.cs:536:101:536:105""]].","/ServerEye.Core/Services/Auth/OAuthService.cs","190","107","190","142"
"Log entries created from user input","Building log entries from user-controlled sources is vulnerable to insertion of forged log entries by a malicious user.","error","This log entry depends on a [[""user-provided value""|""relative:///ServerEye.API/Controllers/Auth/AuthController.cs:505:103:505:109""]].
This log entry depends on a [[""user-provided value""|""relative:///ServerEye.API/Controllers/Auth/AuthController.cs:536:101:536:105""]].","/ServerEye.Core/Services/Auth/OAuthService.cs","197","105","197","140"
"Log entries created from user input","Building log entries from user-controlled sources is vulnerable to insertion of forged log entries by a malicious user.","error","This log entry depends on a [[""user-provided value""|""relative:///ServerEye.API/Controllers/Auth/AuthController.cs:505:103:505:109""]].
This log entry depends on a [[""user-provided value""|""relative:///ServerEye.API/Controllers/Auth/AuthController.cs:536:75:536:78""]].
This log entry depends on a [[""user-provided value""|""relative:///ServerEye.API/Controllers/Auth/AuthController.cs:536:128:536:131""]].","/ServerEye.Core/Services/Auth/OAuthService.cs","226","17","226","50"
"Log entries created from user input","Building log entries from user-controlled sources is vulnerable to insertion of forged log entries by a malicious user.","error","This log entry depends on a [[""user-provided value""|""relative:///ServerEye.API/Controllers/Auth/AuthController.cs:505:103:505:109""]].
This log entry depends on a [[""user-provided value""|""relative:///ServerEye.API/Controllers/Auth/AuthController.cs:536:101:536:105""]].
This log entry depends on a [[""user-provided value""|""relative:///ServerEye.API/Controllers/Auth/AuthController.cs:536:224:536:229""]].
This log entry depends on a [[""user-provided value""|""relative:///ServerEye.API/Controllers/Auth/AuthController.cs:870:97:870:103""]].","/ServerEye.Core/Services/Auth/OAuthService.cs","229","17","229","63"
"Log entries created from user input","Building log entries from user-controlled sources is vulnerable to insertion of forged log entries by a malicious user.","error","This log entry depends on a [[""user-provided value""|""relative:///ServerEye.API/Controllers/Auth/AuthController.cs:505:103:505:109""]].
This log entry depends on a [[""user-provided value""|""relative:///ServerEye.API/Controllers/Auth/AuthController.cs:536:101:536:105""]].
This log entry depends on a [[""user-provided value""|""relative:///ServerEye.API/Controllers/Auth/AuthController.cs:536:259:536:264""]].
This log entry depends on a [[""user-provided value""|""relative:///ServerEye.API/Controllers/Auth/AuthController.cs:870:97:870:103""]].","/ServerEye.Core/Services/Auth/OAuthService.cs","332","141","332","179"
"Log entries created from user input","Building log entries from user-controlled sources is vulnerable to insertion of forged log entries by a malicious user.","error","This log entry depends on a [[""user-provided value""|""relative:///ServerEye.API/Controllers/Auth/AuthController.cs:536:101:536:105""]].
This log entry depends on a [[""user-provided value""|""relative:///ServerEye.API/Controllers/Auth/AuthController.cs:812:103:812:109""]].","/ServerEye.Core/Services/Auth/OAuthService.cs","398","88","398","123"
"Log entries created from user input","Building log entries from user-controlled sources is vulnerable to insertion of forged log entries by a malicious user.","error","This log entry depends on a [[""user-provided value""|""relative:///ServerEye.API/Controllers/Auth/AuthController.cs:536:101:536:105""]].
This log entry depends on a [[""user-provided value""|""relative:///ServerEye.API/Controllers/Auth/AuthController.cs:812:103:812:109""]].","/ServerEye.Core/Services/Auth/OAuthService.cs","402","98","402","133"
"Log entries created from user input","Building log entries from user-controlled sources is vulnerable to insertion of forged log entries by a malicious user.","error","This log entry depends on a [[""user-provided value""|""relative:///ServerEye.API/Controllers/Auth/AuthController.cs:505:103:505:109""]].
This log entry depends on a [[""user-provided value""|""relative:///ServerEye.API/Controllers/Auth/AuthController.cs:536:75:536:78""]].
This log entry depends on a [[""user-provided value""|""relative:///ServerEye.API/Controllers/Auth/AuthController.cs:536:128:536:131""]].","/ServerEye.Core/Services/Auth/OAuthService.cs","609","112","609","145"
"Log entries created from user input","Building log entries from user-controlled sources is vulnerable to insertion of forged log entries by a malicious user.","error","This log entry depends on a [[""user-provided value""|""relative:///ServerEye.API/Controllers/Auth/AuthController.cs:309:75:309:81""]].
This log entry depends on a [[""user-provided value""|""relative:///ServerEye.API/Controllers/Ticket/TicketsController.cs:26:96:26:98""]].","/ServerEye.Core/Services/Email/EmailService.cs","256","97","256","127"
"Log entries created from user input","Building log entries from user-controlled sources is vulnerable to insertion of forged log entries by a malicious user.","error","This log entry depends on a [[""user-provided value""|""relative:///ServerEye.API/Controllers/Auth/AuthController.cs:309:75:309:81""]].
This log entry depends on a [[""user-provided value""|""relative:///ServerEye.API/Controllers/Ticket/TicketsController.cs:26:96:26:98""]].","/ServerEye.Core/Services/Email/EmailService.cs","245","21","245","51"
"Log entries created from user input","Building log entries from user-controlled sources is vulnerable to insertion of forged log entries by a malicious user.","error","This log entry depends on a [[""user-provided value""|""relative:///ServerEye.API/Controllers/Metrics/ServerMetricsController.cs:65:86:65:94""]].","/ServerEye.Core/Services/Metrics/MetricsService.cs","157","17","157","53"
"Log entries created from user input","Building log entries from user-controlled sources is vulnerable to insertion of forged log entries by a malicious user.","error","This log entry depends on a [[""user-provided value""|""relative:///ServerEye.API/Controllers/Metrics/ServerMetricsController.cs:22:80:22:88""]].
This log entry depends on a [[""user-provided value""|""relative:///ServerEye.API/Controllers/Server/UnifiedServerController.cs:40:16:40:24""]].","/ServerEye.Core/Services/Metrics/MetricsService.cs","268","17","268","53"
"Log entries created from user input","Building log entries from user-controlled sources is vulnerable to insertion of forged log entries by a malicious user.","error","This log entry depends on a [[""user-provided value""|""relative:///ServerEye.API/Controllers/Metrics/ServerMetricsController.cs:22:118:22:124""]].
This log entry depends on a [[""user-provided value""|""relative:///ServerEye.API/Controllers/Server/UnifiedServerController.cs:41:36:41:42""]].","/ServerEye.Core/Services/Metrics/MetricsService.cs","269","17","269","37"
"Log entries created from user input","Building log entries from user-controlled sources is vulnerable to insertion of forged log entries by a malicious user.","error","This log entry depends on a [[""user-provided value""|""relative:///ServerEye.API/Controllers/Auth/AuthController.cs:418:119:418:127""]].
This log entry depends on a [[""user-provided value""|""relative:///ServerEye.API/Controllers/Auth/AuthController.cs:418:157:418:162""]].","/ServerEye.Core/Services/OAuth/Providers/GitHubOAuthProvider.cs","57","72","57","135"
"Log entries created from user input","Building log entries from user-controlled sources is vulnerable to insertion of forged log entries by a malicious user.","error","This log entry depends on a [[""user-provided value""|""relative:///ServerEye.API/Controllers/Auth/AuthController.cs:505:103:505:109""]].
This log entry depends on a [[""user-provided value""|""relative:///ServerEye.API/Controllers/Auth/AuthController.cs:536:75:536:78""]].
This log entry depends on a [[""user-provided value""|""relative:///ServerEye.API/Controllers/Auth/AuthController.cs:536:128:536:131""]].
This log entry depends on a [[""user-provided value""|""relative:///ServerEye.API/Controllers/Auth/AuthController.cs:812:103:812:109""]].","/ServerEye.Core/Services/OAuth/Providers/GitHubOAuthProvider.cs","72","13","72","51"
"Log entries created from user input","Building log entries from user-controlled sources is vulnerable to insertion of forged log entries by a malicious user.","error","This log entry depends on a [[""user-provided value""|""relative:///ServerEye.API/Controllers/Auth/AuthController.cs:418:119:418:127""]].
This log entry depends on a [[""user-provided value""|""relative:///ServerEye.API/Controllers/Auth/AuthController.cs:418:157:418:162""]].","/ServerEye.Core/Services/OAuth/Providers/GoogleOAuthProvider.cs","63","80","63","143"
"Log entries created from user input","Building log entries from user-controlled sources is vulnerable to insertion of forged log entries by a malicious user.","error","This log entry depends on a [[""user-provided value""|""relative:///ServerEye.API/Controllers/Auth/AuthController.cs:505:103:505:109""]].
This log entry depends on a [[""user-provided value""|""relative:///ServerEye.API/Controllers/Auth/AuthController.cs:536:75:536:78""]].
This log entry depends on a [[""user-provided value""|""relative:///ServerEye.API/Controllers/Auth/AuthController.cs:536:128:536:131""]].
This log entry depends on a [[""user-provided value""|""relative:///ServerEye.API/Controllers/Auth/AuthController.cs:812:103:812:109""]].","/ServerEye.Core/Services/OAuth/Providers/GoogleOAuthProvider.cs","93","13","93","51"
"Log entries created from user input","Building log entries from user-controlled sources is vulnerable to insertion of forged log entries by a malicious user.","error","This log entry depends on a [[""user-provided value""|""relative:///ServerEye.API/Controllers/Auth/AuthController.cs:505:103:505:109""]].
This log entry depends on a [[""user-provided value""|""relative:///ServerEye.API/Controllers/Auth/AuthController.cs:536:75:536:78""]].
This log entry depends on a [[""user-provided value""|""relative:///ServerEye.API/Controllers/Auth/AuthController.cs:536:128:536:131""]].
This log entry depends on a [[""user-provided value""|""relative:///ServerEye.API/Controllers/Auth/AuthController.cs:812:103:812:109""]].","/ServerEye.Core/Services/OAuth/Providers/GoogleOAuthProvider.cs","197","17","199","124"
"Log entries created from user input","Building log entries from user-controlled sources is vulnerable to insertion of forged log entries by a malicious user.","error","This log entry depends on a [[""user-provided value""|""relative:///ServerEye.API/Controllers/Auth/AuthController.cs:418:119:418:127""]].
This log entry depends on a [[""user-provided value""|""relative:///ServerEye.API/Controllers/Auth/AuthController.cs:418:157:418:162""]].","/ServerEye.Core/Services/OAuth/Providers/TelegramOAuthProvider.cs","68","74","68","137"
"Log entries created from user input","Building log entries from user-controlled sources is vulnerable to insertion of forged log entries by a malicious user.","error","This log entry depends on a [[""user-provided value""|""relative:///ServerEye.API/Controllers/Auth/AuthController.cs:505:103:505:109""]].
This log entry depends on a [[""user-provided value""|""relative:///ServerEye.API/Controllers/Auth/AuthController.cs:536:75:536:78""]].
This log entry depends on a [[""user-provided value""|""relative:///ServerEye.API/Controllers/Auth/AuthController.cs:536:128:536:131""]].
This log entry depends on a [[""user-provided value""|""relative:///ServerEye.API/Controllers/Auth/AuthController.cs:812:103:812:109""]].","/ServerEye.Core/Services/OAuth/Providers/TelegramOAuthProvider.cs","83","13","83","51"
"Log entries created from user input","Building log entries from user-controlled sources is vulnerable to insertion of forged log entries by a malicious user.","error","This log entry depends on a [[""user-provided value""|""relative:///ServerEye.API/Controllers/Auth/AuthController.cs:505:103:505:109""]].
This log entry depends on a [[""user-provided value""|""relative:///ServerEye.API/Controllers/Auth/AuthController.cs:536:75:536:78""]].
This log entry depends on a [[""user-provided value""|""relative:///ServerEye.API/Controllers/Auth/AuthController.cs:536:128:536:131""]].
This log entry depends on a [[""user-provided value""|""relative:///ServerEye.API/Controllers/Auth/AuthController.cs:812:103:812:109""]].","/ServerEye.Core/Services/OAuth/Providers/TelegramOAuthProvider.cs","90","84","90","123"
"Log entries created from user input","Building log entries from user-controlled sources is vulnerable to insertion of forged log entries by a malicious user.","error","This log entry depends on a [[""user-provided value""|""relative:///ServerEye.API/Controllers/Server/MonitoredServersController.cs:41:91:41:97""]].","/ServerEye.Core/Services/Server/ServerAccessService.cs","111","114","111","150"
"Log entries created from user input","Building log entries from user-controlled sources is vulnerable to insertion of forged log entries by a malicious user.","error","This log entry depends on a [[""user-provided value""|""relative:///ServerEye.API/Controllers/Server/MonitoredServersController.cs:41:91:41:97""]].","/ServerEye.Core/Services/Server/ServerAccessService.cs","175","105","175","141"
"Log entries created from user input","Building log entries from user-controlled sources is vulnerable to insertion of forged log entries by a malicious user.","error","This log entry depends on a [[""user-provided value""|""relative:///ServerEye.API/Controllers/Server/MonitoredServersController.cs:62:58:62:65""]].","/ServerEye.Core/Services/Server/ServerAccessService.cs","227","95","227","125"
"Log entries created from user input","Building log entries from user-controlled sources is vulnerable to insertion of forged log entries by a malicious user.","error","This log entry depends on a [[""user-provided value""|""relative:///ServerEye.API/Controllers/Server/MonitoredServersController.cs:62:58:62:65""]].","/ServerEye.Core/Services/Server/ServerAccessService.cs","232","109","232","139"
"Log entries created from user input","Building log entries from user-controlled sources is vulnerable to insertion of forged log entries by a malicious user.","error","This log entry depends on a [[""user-provided value""|""relative:///ServerEye.API/Controllers/Server/MonitoredServersController.cs:62:58:62:65""]].","/ServerEye.Core/Services/Server/ServerAccessService.cs","240","92","240","122"
"Log entries created from user input","Building log entries from user-controlled sources is vulnerable to insertion of forged log entries by a malicious user.","error","This log entry depends on a [[""user-provided value""|""relative:///ServerEye.API/Controllers/Server/MonitoredServersController.cs:62:58:62:65""]].","/ServerEye.Core/Services/Server/ServerAccessService.cs","261","116","261","146"
"Log entries created from user input","Building log entries from user-controlled sources is vulnerable to insertion of forged log entries by a malicious user.","error","This log entry depends on a [[""user-provided value""|""relative:///ServerEye.API/Controllers/Server/MonitoredServersController.cs:62:58:62:65""]].","/ServerEye.Core/Services/Server/ServerAccessService.cs","297","92","297","122"
"Log entries created from user input","Building log entries from user-controlled sources is vulnerable to insertion of forged log entries by a malicious user.","error","This log entry depends on a [[""user-provided value""|""relative:///ServerEye.API/Controllers/Server/MonitoredServersController.cs:101:57:101:64""]].","/ServerEye.Core/Services/Server/ServerAccessService.cs","302","138","302","168"
"Log entries created from user input","Building log entries from user-controlled sources is vulnerable to insertion of forged log entries by a malicious user.","error","This log entry depends on a [[""user-provided value""|""relative:///ServerEye.API/Controllers/Server/MonitoredServersController.cs:101:97:101:103""]].","/ServerEye.Core/Services/Server/ServerAccessService.cs","302","171","302","209"
"Log entries created from user input","Building log entries from user-controlled sources is vulnerable to insertion of forged log entries by a malicious user.","error","This log entry depends on a [[""user-provided value""|""relative:///ServerEye.API/Controllers/Server/MonitoredServersController.cs:101:57:101:64""]].","/ServerEye.Core/Services/Server/ServerAccessService.cs","307","146","307","176"
"Log entries created from user input","Building log entries from user-controlled sources is vulnerable to insertion of forged log entries by a malicious user.","error","This log entry depends on a [[""user-provided value""|""relative:///ServerEye.API/Controllers/Server/MonitoredServersController.cs:101:57:101:64""]].","/ServerEye.Core/Services/Server/ServerAccessService.cs","319","113","319","143"
"Log entries created from user input","Building log entries from user-controlled sources is vulnerable to insertion of forged log entries by a malicious user.","error","This log entry depends on a [[""user-provided value""|""relative:///ServerEye.API/Controllers/Server/MonitoredServersController.cs:101:57:101:64""]].","/ServerEye.Core/Services/Server/ServerAccessService.cs","332","132","332","162"
"Log entries created from user input","Building log entries from user-controlled sources is vulnerable to insertion of forged log entries by a malicious user.","error","This log entry depends on a [[""user-provided value""|""relative:///ServerEye.API/Controllers/Server/MonitoredServersController.cs:101:97:101:103""]].","/ServerEye.Core/Services/Server/ServerAccessService.cs","332","165","332","203"
"Log entries created from user input","Building log entries from user-controlled sources is vulnerable to insertion of forged log entries by a malicious user.","error","This log entry depends on a [[""user-provided value""|""relative:///ServerEye.API/Controllers/Server/ServerDiscoveryController.cs:76:112:76:118""]].","/ServerEye.Core/Services/Server/ServerDiscoveryService.cs","103","81","103","111"
"Log entries created from user input","Building log entries from user-controlled sources is vulnerable to insertion of forged log entries by a malicious user.","error","This log entry depends on a [[""user-provided value""|""relative:///ServerEye.API/Controllers/Server/ServerDiscoveryController.cs:76:112:76:118""]].","/ServerEye.Core/Services/Server/ServerDiscoveryService.cs","111","104","111","134"
"Log entries created from user input","Building log entries from user-controlled sources is vulnerable to insertion of forged log entries by a malicious user.","error","This log entry depends on a [[""user-provided value""|""relative:///ServerEye.API/Controllers/Server/ServerDiscoveryController.cs:76:112:76:118""]].","/ServerEye.Core/Services/Server/ServerDiscoveryService.cs","126","108","126","138"
"Log entries created from user input","Building log entries from user-controlled sources is vulnerable to insertion of forged log entries by a malicious user.","error","This log entry depends on a [[""user-provided value""|""relative:///ServerEye.API/Controllers/Server/ServerDiscoveryController.cs:76:112:76:118""]].","/ServerEye.Core/Services/Server/ServerDiscoveryService.cs","132","117","132","147"
"Log entries created from user input","Building log entries from user-controlled sources is vulnerable to insertion of forged log entries by a malicious user.","error","This log entry depends on a [[""user-provided value""|""relative:///ServerEye.API/Controllers/Server/ServerDiscoveryController.cs:76:112:76:118""]].","/ServerEye.Core/Services/Server/ServerDiscoveryService.cs","157","121","157","151"
"Log entries created from user input","Building log entries from user-controlled sources is vulnerable to insertion of forged log entries by a malicious user.","error","This log entry depends on a [[""user-provided value""|""relative:///ServerEye.API/Controllers/Server/ServerDiscoveryController.cs:76:112:76:118""]].","/ServerEye.Core/Services/Server/ServerDiscoveryService.cs","161","130","161","160"
"Log entries created from user input","Building log entries from user-controlled sources is vulnerable to insertion of forged log entries by a malicious user.","error","This log entry depends on a [[""user-provided value""|""relative:///ServerEye.API/Controllers/Server/SourceManagementController.cs:102:16:102:21""]].","/ServerEye.Core/Services/Server/SourceManagementService.cs","18","101","18","129"
"Log entries created from user input","Building log entries from user-controlled sources is vulnerable to insertion of forged log entries by a malicious user.","error","This log entry depends on a [[""user-provided value""|""relative:///ServerEye.API/Controllers/Server/SourceManagementController.cs:101:16:101:24""]].","/ServerEye.Core/Services/Server/SourceManagementService.cs","18","132","18","168"
"Log entries created from user input","Building log entries from user-controlled sources is vulnerable to insertion of forged log entries by a malicious user.","error","This log entry depends on a [[""user-provided value""|""relative:///ServerEye.API/Controllers/Server/SourceManagementController.cs:102:16:102:21""]].","/ServerEye.Core/Services/Server/SourceManagementService.cs","89","109","89","137"
"Log entries created from user input","Building log entries from user-controlled sources is vulnerable to insertion of forged log entries by a malicious user.","error","This log entry depends on a [[""user-provided value""|""relative:///ServerEye.API/Controllers/Server/SourceManagementController.cs:101:16:101:24""]].","/ServerEye.Core/Services/Server/SourceManagementService.cs","89","140","89","176"
"Log entries created from user input","Building log entries from user-controlled sources is vulnerable to insertion of forged log entries by a malicious user.","error","This log entry depends on a [[""user-provided value""|""relative:///ServerEye.API/Controllers/Server/SourceManagementController.cs:101:16:101:24""]].","/ServerEye.Core/Services/Server/SourceManagementService.cs","26","69","26","105"
"Log entries created from user input","Building log entries from user-controlled sources is vulnerable to insertion of forged log entries by a malicious user.","error","This log entry depends on a [[""user-provided value""|""relative:///ServerEye.API/Controllers/Server/SourceManagementController.cs:142:16:142:24""]].","/ServerEye.Core/Services/Server/SourceManagementService.cs","102","97","102","133"
"Log entries created from user input","Building log entries from user-controlled sources is vulnerable to insertion of forged log entries by a malicious user.","error","This log entry depends on a [[""user-provided value""|""relative:///ServerEye.API/Controllers/Server/SourceManagementController.cs:142:16:142:24""]].","/ServerEye.Core/Services/Server/SourceManagementService.cs","178","105","178","141"
"Log entries created from user input","Building log entries from user-controlled sources is vulnerable to insertion of forged log entries by a malicious user.","error","This log entry depends on a [[""user-provided value""|""relative:///ServerEye.API/Controllers/Server/SourceManagementController.cs:142:16:142:24""]].","/ServerEye.Core/Services/Server/SourceManagementService.cs","110","69","110","105"
"Log entries created from user input","Building log entries from user-controlled sources is vulnerable to insertion of forged log entries by a malicious user.","error","This log entry depends on a [[""user-provided value""|""relative:///ServerEye.API/Controllers/Server/SourceManagementController.cs:142:16:142:24""]].","/ServerEye.Core/Services/Server/SourceManagementService.cs","156","102","156","138"
"Log entries created from user input","Building log entries from user-controlled sources is vulnerable to insertion of forged log entries by a malicious user.","error","This log entry depends on a [[""user-provided value""|""relative:///ServerEye.API/Controllers/Server/SourceManagementController.cs:142:16:142:24""]].","/ServerEye.Core/Services/Server/SourceManagementService.cs","166","113","166","149"
"Log entries created from user input","Building log entries from user-controlled sources is vulnerable to insertion of forged log entries by a malicious user.","error","This log entry depends on a [[""user-provided value""|""relative:///ServerEye.API/Controllers/Server/SourceManagementController.cs:185:16:185:25""]].","/ServerEye.Core/Services/Server/SourceManagementService.cs","191","118","191","150"
"Log entries created from user input","Building log entries from user-controlled sources is vulnerable to insertion of forged log entries by a malicious user.","error","This log entry depends on a [[""user-provided value""|""relative:///ServerEye.API/Controllers/Server/SourceManagementController.cs:184:16:184:24""]].","/ServerEye.Core/Services/Server/SourceManagementService.cs","191","153","191","189"
"Log entries created from user input","Building log entries from user-controlled sources is vulnerable to insertion of forged log entries by a malicious user.","error","This log entry depends on a [[""user-provided value""|""relative:///ServerEye.API/Controllers/Server/SourceManagementController.cs:185:16:185:25""]].","/ServerEye.Core/Services/Server/SourceManagementService.cs","267","126","267","158"
"Log entries created from user input","Building log entries from user-controlled sources is vulnerable to insertion of forged log entries by a malicious user.","error","This log entry depends on a [[""user-provided value""|""relative:///ServerEye.API/Controllers/Server/SourceManagementController.cs:184:16:184:24""]].","/ServerEye.Core/Services/Server/SourceManagementService.cs","267","161","267","197"
"Log entries created from user input","Building log entries from user-controlled sources is vulnerable to insertion of forged log entries by a malicious user.","error","This log entry depends on a [[""user-provided value""|""relative:///ServerEye.API/Controllers/Server/SourceManagementController.cs:184:16:184:24""]].","/ServerEye.Core/Services/Server/SourceManagementService.cs","199","69","199","105"
"Log entries created from user input","Building log entries from user-controlled sources is vulnerable to insertion of forged log entries by a malicious user.","error","This log entry depends on a [[""user-provided value""|""relative:///ServerEye.API/Controllers/Ticket/TicketsController.cs:26:96:26:98""]].","/ServerEye.Core/Services/Ticket/TicketService.cs","56","96","56","128"
"Log entries created from user input","Building log entries from user-controlled sources is vulnerable to insertion of forged log entries by a malicious user.","error","This log entry depends on a [[""user-provided value""|""relative:///ServerEye.API/Controllers/User/UsersController.cs:59:92:59:106""]].","/ServerEye.Core/Services/User/UserService.cs","83","107","83","151"
"Log entries created from user input","Building log entries from user-controlled sources is vulnerable to insertion of forged log entries by a malicious user.","error","This log entry depends on a [[""user-provided value""|""relative:///ServerEye.API/Controllers/User/UsersController.cs:59:92:59:106""]].","/ServerEye.Core/Services/User/UserService.cs","83","154","83","200"
"Log entries created from user input","Building log entries from user-controlled sources is vulnerable to insertion of forged log entries by a malicious user.","error","This log entry depends on a [[""user-provided value""|""relative:///ServerEye.API/Controllers/User/UsersController.cs:59:92:59:106""]].","/ServerEye.Core/Services/User/UserService.cs","104","100","104","133"
"Log entries created from user input","Building log entries from user-controlled sources is vulnerable to insertion of forged log entries by a malicious user.","error","This log entry depends on a [[""user-provided value""|""relative:///ServerEye.API/Controllers/User/UsersController.cs:59:92:59:106""]].","/ServerEye.Core/Services/User/UserService.cs","128","83","128","116"
"Log entries created from user input","Building log entries from user-controlled sources is vulnerable to insertion of forged log entries by a malicious user.","error","This log entry depends on a [[""user-provided value""|""relative:///ServerEye.API/Controllers/User/UsersController.cs:88:88:88:99""]].","/ServerEye.Core/Services/User/UserService.cs","228","72","228","113"
"Log entries created from user input","Building log entries from user-controlled sources is vulnerable to insertion of forged log entries by a malicious user.","error","This log entry depends on a [[""user-provided value""|""relative:///ServerEye.API/Controllers/Metrics/ServerMetricsController.cs:22:80:22:88""]].
This log entry depends on a [[""user-provided value""|""relative:///ServerEye.API/Controllers/Metrics/ServerMetricsController.cs:65:86:65:94""]].
This log entry depends on a [[""user-provided value""|""relative:///ServerEye.API/Controllers/Server/MonitoredServersController.cs:41:91:41:97""]].
This log entry depends on a [[""user-provided value""|""relative:///ServerEye.API/Controllers/Server/SourceManagementController.cs:38:16:38:24""]].
This log entry depends on a [[""user-provided value""|""relative:///ServerEye.API/Controllers/Server/SourceManagementController.cs:101:16:101:24""]].
This log entry depends on a [[""user-provided value""|""relative:///ServerEye.API/Controllers/Server/SourceManagementController.cs:142:16:142:24""]].
This log entry depends on a [[""user-provided value""|""relative:///ServerEye.API/Controllers/Server/SourceManagementController.cs:184:16:184:24""]].
This log entry depends on a [[""user-provided value""|""relative:///ServerEye.API/Controllers/Server/StaticInfoController.cs:25:75:25:83""]].
This log entry depends on a [[""user-provided value""|""relative:///ServerEye.API/Controllers/Server/UnifiedServerController.cs:40:16:40:24""]].","/ServerEye.Infrastructure/ExternalServices/GoApi/GoApiLogger.cs","57","13","57","15"
"Exposure of private information","If private information is written to an external location, it may be accessible by unauthorized persons.","error","Private data returned by [[""access to parameter email""|""relative:///ServerEye.Core/Helpers/LogSanitizer.cs:52:34:52:38""]] is written to an external location.
Private data returned by [[""access to parameter email""|""relative:///ServerEye.Core/Helpers/LogSanitizer.cs:58:34:58:38""]] is written to an external location.
Private data returned by [[""call to method MaskEmail""|""relative:///ServerEye.API/Controllers/User/UsersController.cs:121:76:121:112""]] is written to an external location.","/ServerEye.API/Controllers/User/UsersController.cs","121","76","121","112"
"Exposure of private information","If private information is written to an external location, it may be accessible by unauthorized persons.","error","Private data returned by [[""access to parameter email""|""relative:///ServerEye.Core/Helpers/LogSanitizer.cs:52:34:52:38""]] is written to an external location.
Private data returned by [[""access to parameter email""|""relative:///ServerEye.Core/Helpers/LogSanitizer.cs:58:34:58:38""]] is written to an external location.
Private data returned by [[""call to method MaskEmail""|""relative:///ServerEye.API/Controllers/User/UsersController.cs:156:95:156:139""]] is written to an external location.","/ServerEye.API/Controllers/User/UsersController.cs","156","95","156","139"
"Exposure of private information","If private information is written to an external location, it may be accessible by unauthorized persons.","error","Private data returned by [[""access to parameter email""|""relative:///ServerEye.API/Controllers/Ticket/TicketsController.cs:152:104:152:108""]] is written to an external location.
Private data returned by [[""access to parameter email""|""relative:///ServerEye.API/Controllers/Ticket/TicketsController.cs:147:75:147:79""]] is written to an external location.
Private data returned by [[""access to parameter email""|""relative:///ServerEye.Core/Helpers/LogSanitizer.cs:52:34:52:38""]] is written to an external location.
Private data returned by [[""access to parameter email""|""relative:///ServerEye.Core/Helpers/LogSanitizer.cs:58:34:58:38""]] is written to an external location.
Private data returned by [[""call to method MaskEmail""|""relative:///ServerEye.API/Controllers/Ticket/TicketsController.cs:152:81:152:109""]] is written to an external location.","/ServerEye.API/Controllers/Ticket/TicketsController.cs","152","81","152","109"
"Exposure of private information","If private information is written to an external location, it may be accessible by unauthorized persons.","error","Private data returned by [[""access to parameter email""|""relative:///ServerEye.Core/Helpers/LogSanitizer.cs:52:34:52:38""]] is written to an external location.
Private data returned by [[""access to parameter email""|""relative:///ServerEye.Core/Helpers/LogSanitizer.cs:58:34:58:38""]] is written to an external location.
Private data returned by [[""call to method MaskEmail""|""relative:///ServerEye.API/Controllers/User/UsersController.cs:77:101:77:145""]] is written to an external location.","/ServerEye.API/Controllers/User/UsersController.cs","77","101","77","145"
"Exposure of private information","If private information is written to an external location, it may be accessible by unauthorized persons.","error","Private data returned by [[""access to parameter email""|""relative:///ServerEye.Core/Helpers/LogSanitizer.cs:52:34:52:38""]] is written to an external location.
Private data returned by [[""access to parameter email""|""relative:///ServerEye.Core/Helpers/LogSanitizer.cs:58:34:58:38""]] is written to an external location.
Private data returned by [[""call to method MaskEmail""|""relative:///ServerEye.API/Controllers/User/UsersController.cs:81:81:81:125""]] is written to an external location.","/ServerEye.API/Controllers/User/UsersController.cs","81","81","81","125"
"Exposure of private information","If private information is written to an external location, it may be accessible by unauthorized persons.","error","Private data returned by [[""access to parameter email""|""relative:///ServerEye.Core/Helpers/LogSanitizer.cs:52:34:52:38""]] is written to an external location.
Private data returned by [[""access to parameter email""|""relative:///ServerEye.Core/Helpers/LogSanitizer.cs:58:34:58:38""]] is written to an external location.
Private data returned by [[""call to method MaskEmail""|""relative:///ServerEye.API/Controllers/User/UsersController.cs:98:72:98:113""]] is written to an external location.","/ServerEye.API/Controllers/User/UsersController.cs","98","72","98","113"
"Exposure of private information","If private information is written to an external location, it may be accessible by unauthorized persons.","error","Private data returned by [[""access to parameter email""|""relative:///ServerEye.Core/Helpers/LogSanitizer.cs:52:34:52:38""]] is written to an external location.
Private data returned by [[""access to parameter email""|""relative:///ServerEye.Core/Helpers/LogSanitizer.cs:58:34:58:38""]] is written to an external location.
Private data returned by [[""call to method MaskEmail""|""relative:///ServerEye.API/Controllers/User/UsersController.cs:102:74:102:115""]] is written to an external location.","/ServerEye.API/Controllers/User/UsersController.cs","102","74","102","115"
"Exposure of private information","If private information is written to an external location, it may be accessible by unauthorized persons.","error","Private data returned by [[""access to parameter email""|""relative:///ServerEye.Core/Helpers/LogSanitizer.cs:52:34:52:38""]] is written to an external location.
Private data returned by [[""access to parameter email""|""relative:///ServerEye.Core/Helpers/LogSanitizer.cs:58:34:58:38""]] is written to an external location.
Private data returned by [[""call to method MaskEmail""|""relative:///ServerEye.Core/Services/Auth/AuthService.cs:68:87:68:120""]] is written to an external location.","/ServerEye.Core/Services/Auth/AuthService.cs","68","87","68","120"
"Exposure of private information","If private information is written to an external location, it may be accessible by unauthorized persons.","error","Private data returned by [[""access to parameter email""|""relative:///ServerEye.Core/Helpers/LogSanitizer.cs:52:34:52:38""]] is written to an external location.
Private data returned by [[""access to parameter email""|""relative:///ServerEye.Core/Helpers/LogSanitizer.cs:58:34:58:38""]] is written to an external location.
Private data returned by [[""call to method MaskEmail""|""relative:///ServerEye.Core/Services/Auth/AuthService.cs:95:110:95:143""]] is written to an external location.","/ServerEye.Core/Services/Auth/AuthService.cs","95","110","95","143"
"Exposure of private information","If private information is written to an external location, it may be accessible by unauthorized persons.","error","Private data returned by [[""access to parameter email""|""relative:///ServerEye.Core/Helpers/LogSanitizer.cs:52:34:52:38""]] is written to an external location.
Private data returned by [[""access to parameter email""|""relative:///ServerEye.Core/Helpers/LogSanitizer.cs:58:34:58:38""]] is written to an external location.
Private data returned by [[""access to parameter email""|""relative:///ServerEye.Core/Services/Auth/AuthService.cs:107:106:107:110""]] is written to an external location.
Private data returned by [[""access to local variable email""|""relative:///ServerEye.UnitTests/Services/Auth/AuthServiceTests.cs:311:21:311:25""]] is written to an external location.
Private data returned by [[""access to local variable email""|""relative:///ServerEye.UnitTests/Services/Auth/AuthServiceTests.cs:334:58:334:62""]] is written to an external location.
Private data returned by [[""access to local variable email""|""relative:///ServerEye.UnitTests/Services/Auth/AuthServiceTests.cs:354:58:354:62""]] is written to an external location.
Private data returned by [[""call to method MaskEmail""|""relative:///ServerEye.Core/Services/Auth/AuthService.cs:107:83:107:111""]] is written to an external location.","/ServerEye.Core/Services/Auth/AuthService.cs","107","83","107","111"
"Exposure of private information","If private information is written to an external location, it may be accessible by unauthorized persons.","error","Private data returned by [[""access to parameter email""|""relative:///ServerEye.Core/Helpers/LogSanitizer.cs:52:34:52:38""]] is written to an external location.
Private data returned by [[""access to parameter email""|""relative:///ServerEye.Core/Helpers/LogSanitizer.cs:58:34:58:38""]] is written to an external location.
Private data returned by [[""access to parameter email""|""relative:///ServerEye.Core/Services/Auth/AuthService.cs:107:106:107:110""]] is written to an external location.
Private data returned by [[""access to parameter email""|""relative:///ServerEye.Core/Services/Auth/AuthService.cs:112:119:112:123""]] is written to an external location.
Private data returned by [[""access to parameter email""|""relative:///ServerEye.Core/Services/Auth/AuthService.cs:109:62:109:66""]] is written to an external location.
Private data returned by [[""access to local variable email""|""relative:///ServerEye.UnitTests/Services/Auth/AuthServiceTests.cs:311:21:311:25""]] is written to an external location.
Private data returned by [[""access to local variable email""|""relative:///ServerEye.UnitTests/Services/Auth/AuthServiceTests.cs:334:58:334:62""]] is written to an external location.
Private data returned by [[""access to local variable email""|""relative:///ServerEye.UnitTests/Services/Auth/AuthServiceTests.cs:354:58:354:62""]] is written to an external location.
Private data returned by [[""call to method MaskEmail""|""relative:///ServerEye.Core/Services/Auth/AuthService.cs:112:96:112:124""]] is written to an external location.","/ServerEye.Core/Services/Auth/AuthService.cs","112","96","112","124"
"Exposure of private information","If private information is written to an external location, it may be accessible by unauthorized persons.","error","Private data returned by [[""access to parameter email""|""relative:///ServerEye.Core/Helpers/LogSanitizer.cs:52:34:52:38""]] is written to an external location.
Private data returned by [[""access to parameter email""|""relative:///ServerEye.Core/Helpers/LogSanitizer.cs:58:34:58:38""]] is written to an external location.
Private data returned by [[""call to method MaskEmail""|""relative:///ServerEye.Core/Services/Auth/AuthService.cs:134:81:134:114""]] is written to an external location.","/ServerEye.Core/Services/Auth/AuthService.cs","134","81","134","114"
"Exposure of private information","If private information is written to an external location, it may be accessible by unauthorized persons.","error","Private data returned by [[""access to local variable newEmail""|""relative:///ServerEye.UnitTests/Services/Auth/AuthServiceTests.cs:528:80:528:87""]] is written to an external location.
Private data returned by [[""access to local variable newEmail""|""relative:///ServerEye.UnitTests/Services/Auth/AuthServiceTests.cs:565:80:565:87""]] is written to an external location.
Private data returned by [[""access to parameter email""|""relative:///ServerEye.Core/Helpers/LogSanitizer.cs:52:34:52:38""]] is written to an external location.
Private data returned by [[""access to parameter email""|""relative:///ServerEye.Core/Helpers/LogSanitizer.cs:58:34:58:38""]] is written to an external location.
Private data returned by [[""access to parameter newEmail""|""relative:///ServerEye.Core/Services/Auth/AuthService.cs:174:135:174:142""]] is written to an external location.
Private data returned by [[""access to local variable newEmail""|""relative:///ServerEye.UnitTests/Services/Auth/AuthServiceTests.cs:507:64:507:71""]] is written to an external location.
Private data returned by [[""access to local variable newEmail""|""relative:///ServerEye.UnitTests/Services/Auth/AuthServiceTests.cs:549:21:549:28""]] is written to an external location.
Private data returned by [[""call to method MaskEmail""|""relative:///ServerEye.Core/Services/Auth/AuthService.cs:174:112:174:143""]] is written to an external location.","/ServerEye.Core/Services/Auth/AuthService.cs","174","112","174","143"
"Exposure of private information","If private information is written to an external location, it may be accessible by unauthorized persons.","error","Private data returned by [[""access to local variable newEmail""|""relative:///ServerEye.UnitTests/Services/Auth/AuthServiceTests.cs:528:80:528:87""]] is written to an external location.
Private data returned by [[""access to local variable newEmail""|""relative:///ServerEye.UnitTests/Services/Auth/AuthServiceTests.cs:565:80:565:87""]] is written to an external location.
Private data returned by [[""access to parameter email""|""relative:///ServerEye.Core/Helpers/LogSanitizer.cs:52:34:52:38""]] is written to an external location.
Private data returned by [[""access to parameter email""|""relative:///ServerEye.Core/Helpers/LogSanitizer.cs:58:34:58:38""]] is written to an external location.
Private data returned by [[""access to parameter newEmail""|""relative:///ServerEye.Core/Services/Auth/AuthService.cs:174:135:174:142""]] is written to an external location.
Private data returned by [[""access to parameter newEmail""|""relative:///ServerEye.Core/Services/Auth/AuthService.cs:181:114:181:121""]] is written to an external location.
Private data returned by [[""access to parameter newEmail""|""relative:///ServerEye.Core/Services/Auth/AuthService.cs:178:70:178:77""]] is written to an external location.
Private data returned by [[""access to local variable newEmail""|""relative:///ServerEye.UnitTests/Services/Auth/AuthServiceTests.cs:507:64:507:71""]] is written to an external location.
Private data returned by [[""access to local variable newEmail""|""relative:///ServerEye.UnitTests/Services/Auth/AuthServiceTests.cs:549:21:549:28""]] is written to an external location.
Private data returned by [[""call to method MaskEmail""|""relative:///ServerEye.Core/Services/Auth/AuthService.cs:181:91:181:122""]] is written to an external location.","/ServerEye.Core/Services/Auth/AuthService.cs","181","91","181","122"
"Exposure of private information","If private information is written to an external location, it may be accessible by unauthorized persons.","error","Private data returned by [[""access to local variable newEmail""|""relative:///ServerEye.UnitTests/Services/Auth/AuthServiceTests.cs:528:80:528:87""]] is written to an external location.
Private data returned by [[""access to local variable newEmail""|""relative:///ServerEye.UnitTests/Services/Auth/AuthServiceTests.cs:565:80:565:87""]] is written to an external location.
Private data returned by [[""access to parameter email""|""relative:///ServerEye.Core/Helpers/LogSanitizer.cs:52:34:52:38""]] is written to an external location.
Private data returned by [[""access to parameter email""|""relative:///ServerEye.Core/Helpers/LogSanitizer.cs:58:34:58:38""]] is written to an external location.
Private data returned by [[""access to parameter newEmail""|""relative:///ServerEye.Core/Services/Auth/AuthService.cs:174:135:174:142""]] is written to an external location.
Private data returned by [[""access to parameter newEmail""|""relative:///ServerEye.Core/Services/Auth/AuthService.cs:207:108:207:115""]] is written to an external location.
Private data returned by [[""access to parameter newEmail""|""relative:///ServerEye.Core/Services/Auth/AuthService.cs:178:70:178:77""]] is written to an external location.
Private data returned by [[""access to parameter newEmail""|""relative:///ServerEye.Core/Services/Auth/AuthService.cs:187:29:187:36""]] is written to an external location.
Private data returned by [[""access to parameter newEmail""|""relative:///ServerEye.Core/Services/Auth/AuthService.cs:195:21:195:28""]] is written to an external location.
Private data returned by [[""access to parameter newEmail""|""relative:///ServerEye.Core/Services/Auth/AuthService.cs:205:81:205:88""]] is written to an external location.
Private data returned by [[""access to local variable newEmail""|""relative:///ServerEye.UnitTests/Services/Auth/AuthServiceTests.cs:507:64:507:71""]] is written to an external location.
Private data returned by [[""access to local variable newEmail""|""relative:///ServerEye.UnitTests/Services/Auth/AuthServiceTests.cs:549:21:549:28""]] is written to an external location.
Private data returned by [[""call to method MaskEmail""|""relative:///ServerEye.Core/Services/Auth/AuthService.cs:207:85:207:116""]] is written to an external location.","/ServerEye.Core/Services/Auth/AuthService.cs","207","85","207","116"
"Exposure of private information","If private information is written to an external location, it may be accessible by unauthorized persons.","error","Private data returned by [[""access to parameter email""|""relative:///ServerEye.Core/Helpers/LogSanitizer.cs:52:34:52:38""]] is written to an external location.
Private data returned by [[""access to parameter email""|""relative:///ServerEye.Core/Helpers/LogSanitizer.cs:58:34:58:38""]] is written to an external location.
Private data returned by [[""access to local variable oldEmail""|""relative:///ServerEye.Core/Services/Auth/AuthService.cs:237:147:237:154""]] is written to an external location.
Private data returned by [[""call to method MaskEmail""|""relative:///ServerEye.Core/Services/Auth/AuthService.cs:237:124:237:155""]] is written to an external location.","/ServerEye.Core/Services/Auth/AuthService.cs","237","124","237","155"
"Exposure of private information","If private information is written to an external location, it may be accessible by unauthorized persons.","error","Private data returned by [[""access to parameter email""|""relative:///ServerEye.Core/Helpers/LogSanitizer.cs:52:34:52:38""]] is written to an external location.
Private data returned by [[""access to parameter email""|""relative:///ServerEye.Core/Helpers/LogSanitizer.cs:58:34:58:38""]] is written to an external location.
Private data returned by [[""call to method MaskEmail""|""relative:///ServerEye.Core/Services/Auth/AuthService.cs:237:158:237:191""]] is written to an external location.","/ServerEye.Core/Services/Auth/AuthService.cs","237","158","237","191"
"Exposure of private information","If private information is written to an external location, it may be accessible by unauthorized persons.","error","Private data returned by [[""access to local variable newEmail""|""relative:///ServerEye.UnitTests/Services/Auth/AuthServiceTests.cs:503:75:503:82""]] is written to an external location.
Private data returned by [[""access to local variable newEmail""|""relative:///ServerEye.UnitTests/Services/Auth/AuthServiceTests.cs:512:93:512:100""]] is written to an external location.
Private data returned by [[""access to local variable newEmail""|""relative:///ServerEye.UnitTests/Services/Auth/AuthServiceTests.cs:528:80:528:87""]] is written to an external location.
Private data returned by [[""access to local variable newEmail""|""relative:///ServerEye.UnitTests/Services/Auth/AuthServiceTests.cs:565:80:565:87""]] is written to an external location.
Private data returned by [[""access to parameter email""|""relative:///ServerEye.Core/Helpers/LogSanitizer.cs:52:34:52:38""]] is written to an external location.
Private data returned by [[""access to parameter email""|""relative:///ServerEye.Core/Helpers/LogSanitizer.cs:58:34:58:38""]] is written to an external location.
Private data returned by [[""access to parameter newEmail""|""relative:///ServerEye.Core/Services/Auth/AuthService.cs:174:135:174:142""]] is written to an external location.
Private data returned by [[""access to parameter newEmail""|""relative:///ServerEye.Core/Services/Auth/AuthService.cs:178:70:178:77""]] is written to an external location.
Private data returned by [[""access to parameter newEmail""|""relative:///ServerEye.Core/Services/Auth/AuthService.cs:187:29:187:36""]] is written to an external location.
Private data returned by [[""access to parameter newEmail""|""relative:///ServerEye.Core/Services/Auth/AuthService.cs:195:21:195:28""]] is written to an external location.
Private data returned by [[""access to parameter newEmail""|""relative:///ServerEye.Core/Services/Auth/AuthService.cs:205:81:205:88""]] is written to an external location.
Private data returned by [[""access to local variable oldEmail""|""relative:///ServerEye.Core/Services/Auth/AuthService.cs:237:147:237:154""]] is written to an external location.
Private data returned by [[""access to local variable oldEmail""|""relative:///ServerEye.Core/Services/Auth/AuthService.cs:241:86:241:93""]] is written to an external location.
Private data returned by [[""access to local variable oldEmail""|""relative:///ServerEye.Core/Services/Auth/AuthService.cs:239:35:239:42""]] is written to an external location.
Private data returned by [[""access to parameter customerEmail""|""relative:///ServerEye.Core/Services/Email/EmailService.cs:48:42:48:54""]] is written to an external location.
Private data returned by [[""access to parameter customerEmail""|""relative:///ServerEye.Core/Services/Email/EmailService.cs:75:35:75:47""]] is written to an external location.
Private data returned by [[""access to parameter customerEmail""|""relative:///ServerEye.Core/Services/Email/EmailService.cs:93:35:93:47""]] is written to an external location.
Private data returned by [[""access to parameter customerEmail""|""relative:///ServerEye.Core/Services/Email/EmailService.cs:111:35:111:47""]] is written to an external location.
Private data returned by [[""access to parameter userEmail""|""relative:///ServerEye.Core/Services/Email/EmailService.cs:125:35:125:43""]] is written to an external location.
Private data returned by [[""access to parameter userEmail""|""relative:///ServerEye.Core/Services/Email/EmailService.cs:139:35:139:43""]] is written to an external location.
Private data returned by [[""access to parameter userEmail""|""relative:///ServerEye.Core/Services/Email/EmailService.cs:154:35:154:43""]] is written to an external location.
Private data returned by [[""access to parameter userEmail""|""relative:///ServerEye.Core/Services/Email/EmailService.cs:168:35:168:43""]] is written to an external location.
Private data returned by [[""access to parameter newEmail""|""relative:///ServerEye.Core/Services/Email/EmailService.cs:182:35:182:42""]] is written to an external location.
Private data returned by [[""access to parameter oldEmail""|""relative:///ServerEye.Core/Services/Email/EmailService.cs:191:27:191:34""]] is written to an external location.
Private data returned by [[""access to parameter oldEmail""|""relative:///ServerEye.Core/Services/Email/EmailService.cs:197:35:197:42""]] is written to an external location.
Private data returned by [[""access to parameter userEmail""|""relative:///ServerEye.Core/Services/Email/EmailService.cs:211:35:211:43""]] is written to an external location.
Private data returned by [[""access to parameter toEmail""|""relative:///ServerEye.Core/Services/Email/EmailService.cs:256:120:256:126""]] is written to an external location.
Private data returned by [[""access to parameter toEmail""|""relative:///ServerEye.Core/Services/Email/EmailService.cs:230:58:230:64""]] is written to an external location.
Private data returned by [[""access to parameter toEmail""|""relative:///ServerEye.Core/Services/Email/EmailService.cs:245:44:245:50""]] is written to an external location.
Private data returned by [[""access to local variable email""|""relative:///ServerEye.UnitTests/Services/Auth/AuthServiceTests.cs:311:21:311:25""]] is written to an external location.
Private data returned by [[""access to local variable newEmail""|""relative:///ServerEye.UnitTests/Services/Auth/AuthServiceTests.cs:507:64:507:71""]] is written to an external location.
Private data returned by [[""access to local variable newEmail""|""relative:///ServerEye.UnitTests/Services/Auth/AuthServiceTests.cs:510:39:510:46""]] is written to an external location.
Private data returned by [[""access to local variable newEmail""|""relative:///ServerEye.UnitTests/Services/Auth/AuthServiceTests.cs:549:21:549:28""]] is written to an external location.
Private data returned by [[""call to method MaskEmail""|""relative:///ServerEye.Core/Services/Email/EmailService.cs:256:97:256:127""]] is written to an external location.","/ServerEye.Core/Services/Email/EmailService.cs","256","97","256","127"
"Exposure of private information","If private information is written to an external location, it may be accessible by unauthorized persons.","error","Private data returned by [[""access to local variable emailSubject""|""relative:///ServerEye.Core/Services/Email/EmailService.cs:58:63:58:74""]] is written to an external location.
Private data returned by [[""access to local variable customerEmailSubject""|""relative:///ServerEye.Core/Services/Email/EmailService.cs:75:50:75:69""]] is written to an external location.
Private data returned by [[""access to local variable emailSubject""|""relative:///ServerEye.Core/Services/Email/EmailService.cs:93:50:93:61""]] is written to an external location.
Private data returned by [[""access to local variable emailSubject""|""relative:///ServerEye.Core/Services/Email/EmailService.cs:111:50:111:61""]] is written to an external location.
Private data returned by [[""access to local variable emailSubject""|""relative:///ServerEye.Core/Services/Email/EmailService.cs:125:46:125:57""]] is written to an external location.
Private data returned by [[""access to local variable emailSubject""|""relative:///ServerEye.Core/Services/Email/EmailService.cs:139:46:139:57""]] is written to an external location.
Private data returned by [[""access to local variable emailSubject""|""relative:///ServerEye.Core/Services/Email/EmailService.cs:154:46:154:57""]] is written to an external location.
Private data returned by [[""access to local variable emailSubject""|""relative:///ServerEye.Core/Services/Email/EmailService.cs:168:46:168:57""]] is written to an external location.
Private data returned by [[""access to local variable emailSubject""|""relative:///ServerEye.Core/Services/Email/EmailService.cs:182:45:182:56""]] is written to an external location.
Private data returned by [[""access to local variable emailSubject""|""relative:///ServerEye.Core/Services/Email/EmailService.cs:197:45:197:56""]] is written to an external location.
Private data returned by [[""access to local variable emailSubject""|""relative:///ServerEye.Core/Services/Email/EmailService.cs:211:46:211:57""]] is written to an external location.","/ServerEye.Core/Services/Email/EmailService.cs","256","130","256","159"
"Exposure of private information","If private information is written to an external location, it may be accessible by unauthorized persons.","error","Private data returned by [[""access to local variable newEmail""|""relative:///ServerEye.UnitTests/Services/Auth/AuthServiceTests.cs:503:75:503:82""]] is written to an external location.
Private data returned by [[""access to local variable newEmail""|""relative:///ServerEye.UnitTests/Services/Auth/AuthServiceTests.cs:512:93:512:100""]] is written to an external location.
Private data returned by [[""access to local variable newEmail""|""relative:///ServerEye.UnitTests/Services/Auth/AuthServiceTests.cs:528:80:528:87""]] is written to an external location.
Private data returned by [[""access to local variable newEmail""|""relative:///ServerEye.UnitTests/Services/Auth/AuthServiceTests.cs:565:80:565:87""]] is written to an external location.
Private data returned by [[""access to parameter email""|""relative:///ServerEye.Core/Helpers/LogSanitizer.cs:52:34:52:38""]] is written to an external location.
Private data returned by [[""access to parameter email""|""relative:///ServerEye.Core/Helpers/LogSanitizer.cs:58:34:58:38""]] is written to an external location.
Private data returned by [[""access to parameter newEmail""|""relative:///ServerEye.Core/Services/Auth/AuthService.cs:174:135:174:142""]] is written to an external location.
Private data returned by [[""access to parameter newEmail""|""relative:///ServerEye.Core/Services/Auth/AuthService.cs:178:70:178:77""]] is written to an external location.
Private data returned by [[""access to parameter newEmail""|""relative:///ServerEye.Core/Services/Auth/AuthService.cs:187:29:187:36""]] is written to an external location.
Private data returned by [[""access to parameter newEmail""|""relative:///ServerEye.Core/Services/Auth/AuthService.cs:195:21:195:28""]] is written to an external location.
Private data returned by [[""access to parameter newEmail""|""relative:///ServerEye.Core/Services/Auth/AuthService.cs:205:81:205:88""]] is written to an external location.
Private data returned by [[""access to local variable oldEmail""|""relative:///ServerEye.Core/Services/Auth/AuthService.cs:237:147:237:154""]] is written to an external location.
Private data returned by [[""access to local variable oldEmail""|""relative:///ServerEye.Core/Services/Auth/AuthService.cs:241:86:241:93""]] is written to an external location.
Private data returned by [[""access to local variable oldEmail""|""relative:///ServerEye.Core/Services/Auth/AuthService.cs:239:35:239:42""]] is written to an external location.
Private data returned by [[""access to parameter customerEmail""|""relative:///ServerEye.Core/Services/Email/EmailService.cs:48:42:48:54""]] is written to an external location.
Private data returned by [[""access to parameter customerEmail""|""relative:///ServerEye.Core/Services/Email/EmailService.cs:75:35:75:47""]] is written to an external location.
Private data returned by [[""access to parameter customerEmail""|""relative:///ServerEye.Core/Services/Email/EmailService.cs:93:35:93:47""]] is written to an external location.
Private data returned by [[""access to parameter customerEmail""|""relative:///ServerEye.Core/Services/Email/EmailService.cs:111:35:111:47""]] is written to an external location.
Private data returned by [[""access to parameter userEmail""|""relative:///ServerEye.Core/Services/Email/EmailService.cs:125:35:125:43""]] is written to an external location.
Private data returned by [[""access to parameter userEmail""|""relative:///ServerEye.Core/Services/Email/EmailService.cs:139:35:139:43""]] is written to an external location.
Private data returned by [[""access to parameter userEmail""|""relative:///ServerEye.Core/Services/Email/EmailService.cs:154:35:154:43""]] is written to an external location.
Private data returned by [[""access to parameter userEmail""|""relative:///ServerEye.Core/Services/Email/EmailService.cs:168:35:168:43""]] is written to an external location.
Private data returned by [[""access to parameter newEmail""|""relative:///ServerEye.Core/Services/Email/EmailService.cs:182:35:182:42""]] is written to an external location.
Private data returned by [[""access to parameter oldEmail""|""relative:///ServerEye.Core/Services/Email/EmailService.cs:191:27:191:34""]] is written to an external location.
Private data returned by [[""access to parameter oldEmail""|""relative:///ServerEye.Core/Services/Email/EmailService.cs:197:35:197:42""]] is written to an external location.
Private data returned by [[""access to parameter userEmail""|""relative:///ServerEye.Core/Services/Email/EmailService.cs:211:35:211:43""]] is written to an external location.
Private data returned by [[""access to parameter toEmail""|""relative:///ServerEye.Core/Services/Email/EmailService.cs:230:58:230:64""]] is written to an external location.
Private data returned by [[""access to parameter toEmail""|""relative:///ServerEye.Core/Services/Email/EmailService.cs:245:44:245:50""]] is written to an external location.
Private data returned by [[""access to local variable email""|""relative:///ServerEye.UnitTests/Services/Auth/AuthServiceTests.cs:311:21:311:25""]] is written to an external location.
Private data returned by [[""access to local variable newEmail""|""relative:///ServerEye.UnitTests/Services/Auth/AuthServiceTests.cs:507:64:507:71""]] is written to an external location.
Private data returned by [[""access to local variable newEmail""|""relative:///ServerEye.UnitTests/Services/Auth/AuthServiceTests.cs:510:39:510:46""]] is written to an external location.
Private data returned by [[""access to local variable newEmail""|""relative:///ServerEye.UnitTests/Services/Auth/AuthServiceTests.cs:549:21:549:28""]] is written to an external location.
Private data returned by [[""call to method MaskEmail""|""relative:///ServerEye.Core/Services/Email/EmailService.cs:245:21:245:51""]] is written to an external location.","/ServerEye.Core/Services/Email/EmailService.cs","245","21","245","51"
"Exposure of private information","If private information is written to an external location, it may be accessible by unauthorized persons.","error","Private data returned by [[""access to local variable emailSubject""|""relative:///ServerEye.Core/Services/Email/EmailService.cs:58:63:58:74""]] is written to an external location.
Private data returned by [[""access to local variable customerEmailSubject""|""relative:///ServerEye.Core/Services/Email/EmailService.cs:75:50:75:69""]] is written to an external location.
Private data returned by [[""access to local variable emailSubject""|""relative:///ServerEye.Core/Services/Email/EmailService.cs:93:50:93:61""]] is written to an external location.
Private data returned by [[""access to local variable emailSubject""|""relative:///ServerEye.Core/Services/Email/EmailService.cs:111:50:111:61""]] is written to an external location.
Private data returned by [[""access to local variable emailSubject""|""relative:///ServerEye.Core/Services/Email/EmailService.cs:125:46:125:57""]] is written to an external location.
Private data returned by [[""access to local variable emailSubject""|""relative:///ServerEye.Core/Services/Email/EmailService.cs:139:46:139:57""]] is written to an external location.
Private data returned by [[""access to local variable emailSubject""|""relative:///ServerEye.Core/Services/Email/EmailService.cs:154:46:154:57""]] is written to an external location.
Private data returned by [[""access to local variable emailSubject""|""relative:///ServerEye.Core/Services/Email/EmailService.cs:168:46:168:57""]] is written to an external location.
Private data returned by [[""access to local variable emailSubject""|""relative:///ServerEye.Core/Services/Email/EmailService.cs:182:45:182:56""]] is written to an external location.
Private data returned by [[""access to local variable emailSubject""|""relative:///ServerEye.Core/Services/Email/EmailService.cs:197:45:197:56""]] is written to an external location.
Private data returned by [[""access to local variable emailSubject""|""relative:///ServerEye.Core/Services/Email/EmailService.cs:211:46:211:57""]] is written to an external location.","/ServerEye.Core/Services/Email/EmailService.cs","246","21","246","50"
"Exposure of private information","If private information is written to an external location, it may be accessible by unauthorized persons.","error","Private data returned by [[""access to parameter email""|""relative:///ServerEye.Core/Helpers/LogSanitizer.cs:52:34:52:38""]] is written to an external location.
Private data returned by [[""access to parameter email""|""relative:///ServerEye.Core/Helpers/LogSanitizer.cs:58:34:58:38""]] is written to an external location.
Private data returned by [[""access to parameter targetUserEmail""|""relative:///ServerEye.Core/Services/Server/ServerAccessService.cs:302:194:302:208""]] is written to an external location.
Private data returned by [[""call to method MaskEmail""|""relative:///ServerEye.Core/Services/Server/ServerAccessService.cs:302:171:302:209""]] is written to an external location.","/ServerEye.Core/Services/Server/ServerAccessService.cs","302","171","302","209"
"Exposure of private information","If private information is written to an external location, it may be accessible by unauthorized persons.","error","Private data returned by [[""access to parameter email""|""relative:///ServerEye.Core/Helpers/LogSanitizer.cs:52:34:52:38""]] is written to an external location.
Private data returned by [[""access to parameter email""|""relative:///ServerEye.Core/Helpers/LogSanitizer.cs:58:34:58:38""]] is written to an external location.
Private data returned by [[""access to parameter targetUserEmail""|""relative:///ServerEye.Core/Services/Server/ServerAccessService.cs:302:194:302:208""]] is written to an external location.
Private data returned by [[""access to parameter targetUserEmail""|""relative:///ServerEye.Core/Services/Server/ServerAccessService.cs:332:188:332:202""]] is written to an external location.
Private data returned by [[""access to parameter targetUserEmail""|""relative:///ServerEye.Core/Services/Server/ServerAccessService.cs:311:63:311:77""]] is written to an external location.
Private data returned by [[""call to method MaskEmail""|""relative:///ServerEye.Core/Services/Server/ServerAccessService.cs:332:165:332:203""]] is written to an external location.","/ServerEye.Core/Services/Server/ServerAccessService.cs","332","165","332","203"
"Exposure of private information","If private information is written to an external location, it may be accessible by unauthorized persons.","error","Private data returned by [[""access to parameter email""|""relative:///ServerEye.Core/Helpers/LogSanitizer.cs:52:34:52:38""]] is written to an external location.
Private data returned by [[""access to parameter email""|""relative:///ServerEye.Core/Helpers/LogSanitizer.cs:58:34:58:38""]] is written to an external location.
Private data returned by [[""call to method MaskEmail""|""relative:///ServerEye.Core/Services/Ticket/TicketService.cs:56:96:56:128""]] is written to an external location.","/ServerEye.Core/Services/Ticket/TicketService.cs","56","96","56","128"
"Exposure of private information","If private information is written to an external location, it may be accessible by unauthorized persons.","error","Private data returned by [[""access to parameter email""|""relative:///ServerEye.Core/Helpers/LogSanitizer.cs:52:34:52:38""]] is written to an external location.
Private data returned by [[""access to parameter email""|""relative:///ServerEye.Core/Helpers/LogSanitizer.cs:58:34:58:38""]] is written to an external location.
Private data returned by [[""call to method MaskEmail""|""relative:///ServerEye.Core/Services/User/UserService.cs:83:107:83:151""]] is written to an external location.","/ServerEye.Core/Services/User/UserService.cs","83","107","83","151"
"Exposure of private information","If private information is written to an external location, it may be accessible by unauthorized persons.","error","Private data returned by [[""access to parameter email""|""relative:///ServerEye.Core/Helpers/LogSanitizer.cs:52:34:52:38""]] is written to an external location.
Private data returned by [[""access to parameter email""|""relative:///ServerEye.Core/Helpers/LogSanitizer.cs:58:34:58:38""]] is written to an external location.
Private data returned by [[""call to method MaskEmail""|""relative:///ServerEye.Core/Services/User/UserService.cs:104:100:104:133""]] is written to an external location.","/ServerEye.Core/Services/User/UserService.cs","104","100","104","133"
"Exposure of private information","If private information is written to an external location, it may be accessible by unauthorized persons.","error","Private data returned by [[""access to parameter email""|""relative:///ServerEye.Core/Helpers/LogSanitizer.cs:52:34:52:38""]] is written to an external location.
Private data returned by [[""access to parameter email""|""relative:///ServerEye.Core/Helpers/LogSanitizer.cs:58:34:58:38""]] is written to an external location.
Private data returned by [[""call to method MaskEmail""|""relative:///ServerEye.Core/Services/User/UserService.cs:128:83:128:116""]] is written to an external location.","/ServerEye.Core/Services/User/UserService.cs","128","83","128","116"
"Exposure of private information","If private information is written to an external location, it may be accessible by unauthorized persons.","error","Private data returned by [[""access to parameter email""|""relative:///ServerEye.Core/Helpers/LogSanitizer.cs:52:34:52:38""]] is written to an external location.
Private data returned by [[""access to parameter email""|""relative:///ServerEye.Core/Helpers/LogSanitizer.cs:58:34:58:38""]] is written to an external location.
Private data returned by [[""call to method MaskEmail""|""relative:///ServerEye.Core/Services/User/UserService.cs:228:72:228:113""]] is written to an external location.","/ServerEye.Core/Services/User/UserService.cs","228","72","228","113"
"Exposure of private information","If private information is written to an external location, it may be accessible by unauthorized persons.","error","Private data returned by [[""access to parameter email""|""relative:///ServerEye.Core/Helpers/LogSanitizer.cs:52:34:52:38""]] is written to an external location.
Private data returned by [[""access to parameter email""|""relative:///ServerEye.Core/Helpers/LogSanitizer.cs:58:34:58:38""]] is written to an external location.
Private data returned by [[""call to method MaskEmail""|""relative:///ServerEye.Core/Services/User/UserService.cs:261:92:261:125""]] is written to an external location.","/ServerEye.Core/Services/User/UserService.cs","261","92","261","125"
"URL redirection from remote source","URL redirection based on unvalidated user input may cause redirection to malicious web sites.","error","Untrusted URL redirection due to [[""user-provided value""|""relative:///ServerEye.API/Controllers/Auth/AuthController.cs:536:154:536:161""]].","/ServerEye.API/Controllers/Auth/AuthController.cs","764","34","764","44"
